feature	metadata	value	coef	stderr	N	N.not.0	pval	qval
ASV010	exposure	bps	0.0202952405858991	0.00353732420888707	14	14	0.00121815516510456	0.0864890167224239
