Df,SumOfSqs,R2,F,Pr(>F)
4,1.035539208331536,0.28205602023383924,2.8482809304444263,0.005
29,2.6358563090306517,0.7179439797661606,NA,NA
33,3.671395517362188,1,NA,NA
