Df,SumOfSqs,R2,F,Pr(>F)
4,1.185560665809276,0.4945417221039653,7.338019927616335,0.001
30,1.2117308321971172,0.5054582778960349,NA,NA
34,2.3972914980063926,1,NA,NA
