Df,SumOfSqs,R2,F,Pr(>F)
4,1.2117217202884578,0.43419435441078263,5.563587238865411,0.001
29,1.5790140596200755,0.5658056455892172,NA,NA
33,2.790735779908534,1,NA,NA
